{"p_Data":[],"e_Data":[{"type":0,"x_pos":-9.611849784851075,"floor":0},{"type":2,"x_pos":-1.751844882965088,"floor":0}],"patternTime":2.3}