{"p_Data":[{"type":1,"floor":0,"pos":8.111111640930176,"width":0}],"e_Data":[{"type":2,"x_pos":9.347452163696289,"floor":0}],"patternTime":3.7}