{"p_Data":[{"type":1,"floor":0,"pos":0.0,"width":0}],"e_Data":[{"type":1,"x_pos":-4.09108304977417,"floor":1},{"type":1,"x_pos":4.428917407989502,"floor":0},{"type":0,"x_pos":5.628917694091797,"floor":2}],"patternTime":5.0}