{"p_Data":[{"type":0,"floor":0,"pos":11.111112594604493,"width":0}],"e_Data":[{"type":1,"x_pos":4.760814666748047,"floor":2},{"type":0,"x_pos":11.480777740478516,"floor":0}],"patternTime":4.44444465637207}