{"p_Data":[{"type":0,"floor":0,"pos":11.11111068725586,"width":0}],"e_Data":[{"type":1,"x_pos":5.840775966644287,"floor":2},{"type":0,"x_pos":5.900775909423828,"floor":0}],"patternTime":4.040404319763184}