{"p_Data":[{"type":0,"floor":0,"pos":11.11111068725586,"width":0}],"e_Data":[{"type":1,"x_pos":7.76080322265625,"floor":2},{"type":0,"x_pos":11.960765838623047,"floor":1},{"type":0,"x_pos":16.820743560791017,"floor":0}],"patternTime":4.040403842926025}