{"p_Data":[{"type":0,"floor":0,"pos":11.11111068725586,"width":0}],"e_Data":[],"patternTime":4.44444465637207}