{"p_Data":[{"type":0,"floor":0,"pos":11.11111068725586,"width":0}],"e_Data":[{"type":1,"x_pos":1.5208587646484376,"floor":2},{"type":0,"x_pos":2.960845947265625,"floor":0}],"patternTime":4.040403842926025}