{
  "p_Data": [
    {
      "type": 1,
      "floor": 0,
      "pos": -0.059999942779541019,
      "width": 0
    }
  ],
  "e_Data": [
    {
      "type": 1,
      "x_pos": -4.94365930557251,
      "floor": 2
    },
    {
      "type": 0,
      "x_pos": -2.603659152984619,
      "floor": 1
    },
    {
      "type": 0,
      "x_pos": 4.716335773468018,
      "floor": 0
    }
  ],
  "patternTime": 2.358167886734009
}