{"p_Data":[],"e_Data":[{"type":0,"x_pos":-17.29188346862793,"floor":0},{"type":2,"x_pos":-9.671850204467774,"floor":0}],"patternTime":0.0}