{"p_Data":[{"type":0,"floor":0,"pos":11.111111640930176,"width":0}],"e_Data":[{"type":1,"x_pos":9.827451705932618,"floor":0}],"patternTime":4.44444465637207}