{"p_Data":[{"type":0,"floor":0,"pos":11.111111640930176,"width":0}],"e_Data":[{"type":1,"x_pos":8.300759315490723,"floor":2},{"type":0,"x_pos":14.90077018737793,"floor":0}],"patternTime":4.44444465637207}