{"p_Data":[{"type":1,"floor":0,"pos":11.11111068725586,"width":0}],"e_Data":[{"type":1,"x_pos":10.007441520690918,"floor":2}],"patternTime":4.44444465637207}