{"p_Data":[{"type":0,"floor":0,"pos":11.111111640930176,"width":0}],"e_Data":[{"type":0,"x_pos":9.200760841369629,"floor":0},{"type":0,"x_pos":17.420814514160158,"floor":1}],"patternTime":4.44444465637207}