{"p_Data":[{"type":0,"floor":0,"pos":11.111112594604493,"width":0}],"e_Data":[{"type":1,"x_pos":7.760751724243164,"floor":2},{"type":0,"x_pos":11.96078109741211,"floor":1},{"type":0,"x_pos":16.820796966552736,"floor":0}],"patternTime":4.040404319763184}