{"p_Data":[{"type":1,"floor":0,"pos":7.407407760620117,"width":0}],"e_Data":[{"type":2,"x_pos":7.043745040893555,"floor":1}],"patternTime":3.7037038803100588}