{"p_Data":[],"e_Data":[{"type":0,"x_pos":-10.391855239868164,"floor":0},{"type":2,"x_pos":-4.2718424797058109,"floor":0}],"patternTime":0.0}