{"p_Data":[{"type":1,"floor":0,"pos":11.111111640930176,"width":0}],"e_Data":[],"patternTime":4.44444465637207}