{"p_Data":[{"type":1,"floor":0,"pos":0.0,"width":0}],"e_Data":[{"type":1,"x_pos":0.2889223098754883,"floor":2},{"type":0,"x_pos":0.5289239883422852,"floor":1},{"type":0,"x_pos":0.768925666809082,"floor":0}],"patternTime":0.384462833404541}