{"p_Data":[{"type":1,"floor":0,"pos":-0.06000041961669922,"width":0}],"e_Data":[{"type":0,"x_pos":-6.203704833984375,"floor":0},{"type":0,"x_pos":6.456335544586182,"floor":1}],"patternTime":3.228167772293091}